Keyword,Folder
ONCOLOGY,01_OCE_Oncology
COMBINATION,06_Combination_Products
GOOD CLINICAL PRACTICE,04_Clinical_GCP_SpecialPop
CLINICAL POLICY,04_Clinical_GCP_SpecialPop
PEDIATRIC,04_Clinical_GCP_SpecialPop
ORPHAN,04_Clinical_GCP_SpecialPop
WOMEN,04_Clinical_GCP_SpecialPop
MINORITY HEALTH,04_Clinical_GCP_SpecialPop
CHIEF MEDICAL OFFICER,04_Clinical_GCP_SpecialPop
INSPECTIONS,05_Inspections_ORA_Global
REGULATORY AFFAIRS,05_Inspections_ORA_Global
GLOBAL POLICY,05_Inspections_ORA_Global
COUNTERTERRORISM,05_Inspections_ORA_Global
COMMISSIONER,08_General_Commissioner_Policy
CHIEF SCIENTIST,08_General_Commissioner_Policy
REGULATORY POLICY,08_General_Commissioner_Policy
LEGISLATION,08_General_Commissioner_Policy
INFORMATION DISCLOSURE,08_General_Commissioner_Policy
COMMUNICATION,08_General_Commissioner_Policy
TRAINING,08_General_Commissioner_Policy
POLICY,08_General_Commissioner_Policy
TOXICOLOGICAL RESEARCH,08_General_Commissioner_Policy
DRUG EVALUATION,02_CDER_Drugs_Quality_Generics
NEW DRUGS,02_CDER_Drugs_Quality_Generics
PHARMACEUTICAL QUALITY,02_CDER_Drugs_Quality_Generics
GENERIC DRUGS,02_CDER_Drugs_Quality_Generics
BIOSIMILARS,02_CDER_Drugs_Quality_Generics
BIOLOGICS,03_CBER_Biologics_Cell_Gene
THERAPEUTIC PRODUCTS,03_CBER_Biologics_Cell_Gene
BLOOD RESEARCH,03_CBER_Biologics_Cell_Gene
VACCINES,03_CBER_Biologics_Cell_Gene
DEVICES,07_CDRH_Devices_IVD
IN VITRO DIAGNOSTICS,07_CDRH_Devices_IVD
PRODUCT EVALUATION AND QUALITY,07_CDRH_Devices_IVD
HEALTH TECHNOLOGY,07_CDRH_Devices_IVD
VETERINARY,99_Irrelevant_Vet_Food_Tobacco
TOBACCO,99_Irrelevant_Vet_Food_Tobacco
FOOD,99_Irrelevant_Vet_Food_Tobacco
